Questions ; Votes ; RÃ©ponses ;
"next page option selection in amazon.in web page"; "0"; "2";
"Web Scraping - Get the 'blahblah' out from <td foo=blahblah>TEXT</td> using bs4?"; "0"; "2";
"I need to be scraped one by one, but scraping it by page"; "-1"; "0";
"Website crawling with python and beautiful soup is not working"; "0"; "1";
"How to scrape ASP webpage in Python?"; "0"; "0";
"Python Web scraping with Beautiful Soup 3: how to get text from div"; "0"; "3";
"Using BeautifulSoup to scrape tables within comment tags"; "0"; "2";
"Error when importing BeautifulSoup in python3"; "0"; "2";
"How to get equation from MathML using Python+selenium+beautifulsoup"; "-1"; "0";
"Getting basic protest info from events page with Python and BeautifulSoup 3"; "-1"; "1";
